,Unnamed: 0.2,Unnamed: 0.1,Unnamed: 0,DATE_TIME_CST,LATITUDE,LONGITUDE,WEATHER_ID,WEATHER_DESCRIPTION,WEATHER_ICON,TEMPERATURE,HUMIDITY_PERCENT,VISIBILITY_METERS,WIND_SPEED_MPH,DANGER_LEVELS,icon_data
0,0,0,0,04-24-2022 19:36:51,32.9232,-96.74,201,thunderstorm with rain,11d,66.99,86,4828,16.11,MODERATE,"{'url': 'http://openweathermap.org/img/wn/11d@2x.png', 'width': 100, 'height': 100, 'anchorY': 100}"
1,1,1,1,04-24-2022 19:36:52,32.9232,-96.74,201,thunderstorm with rain,11d,66.99,86,4828,16.11,MODERATE,"{'url': 'http://openweathermap.org/img/wn/11d@2x.png', 'width': 100, 'height': 100, 'anchorY': 100}"
2,2,2,2,04-24-2022 19:36:53,32.9232,-96.74,201,thunderstorm with rain,11d,66.99,86,4828,16.11,MODERATE,"{'url': 'http://openweathermap.org/img/wn/11d@2x.png', 'width': 100, 'height': 100, 'anchorY': 100}"
3,3,3,3,04-24-2022 19:36:55,32.9232,-96.74,201,thunderstorm with rain,11d,66.99,86,4828,16.11,MODERATE,"{'url': 'http://openweathermap.org/img/wn/11d@2x.png', 'width': 100, 'height': 100, 'anchorY': 100}"
4,4,4,4,04-24-2022 19:36:56,32.9251,-96.736,201,thunderstorm with rain,11d,66.88,86,4828,16.11,MODERATE,"{'url': 'http://openweathermap.org/img/wn/11d@2x.png', 'width': 100, 'height': 100, 'anchorY': 100}"
5,5,5,5,04-24-2022 19:36:57,32.9251,-96.736,201,thunderstorm with rain,11d,66.88,86,4828,16.11,MODERATE,"{'url': 'http://openweathermap.org/img/wn/11d@2x.png', 'width': 100, 'height': 100, 'anchorY': 100}"
6,6,6,6,04-24-2022 19:36:59,32.9251,-96.736,201,thunderstorm with rain,11d,66.88,86,4828,16.11,MODERATE,"{'url': 'http://openweathermap.org/img/wn/11d@2x.png', 'width': 100, 'height': 100, 'anchorY': 100}"
7,7,7,7,04-24-2022 19:37:00,32.9255,-96.729,201,thunderstorm with rain,11d,66.94,86,4828,16.11,MODERATE,"{'url': 'http://openweathermap.org/img/wn/11d@2x.png', 'width': 100, 'height': 100, 'anchorY': 100}"
8,8,8,8,04-24-2022 19:37:01,32.9255,-96.729,201,thunderstorm with rain,11d,66.94,86,4828,16.11,MODERATE,"{'url': 'http://openweathermap.org/img/wn/11d@2x.png', 'width': 100, 'height': 100, 'anchorY': 100}"
9,9,9,9,04-24-2022 19:37:02,32.9255,-96.729,201,thunderstorm with rain,11d,66.94,86,4828,16.11,MODERATE,"{'url': 'http://openweathermap.org/img/wn/11d@2x.png', 'width': 100, 'height': 100, 'anchorY': 100}"
10,10,10,10,04-24-2022 19:37:04,32.9255,-96.729,201,thunderstorm with rain,11d,66.94,86,4828,16.11,MODERATE,"{'url': 'http://openweathermap.org/img/wn/11d@2x.png', 'width': 100, 'height': 100, 'anchorY': 100}"
11,11,11,11,04-24-2022 19:37:05,32.9255,-96.729,201,thunderstorm with rain,11d,66.94,86,4828,16.11,MODERATE,"{'url': 'http://openweathermap.org/img/wn/11d@2x.png', 'width': 100, 'height': 100, 'anchorY': 100}"
12,12,12,12,04-24-2022 19:37:06,32.9255,-96.729,201,thunderstorm with rain,11d,66.94,86,4828,16.11,MODERATE,"{'url': 'http://openweathermap.org/img/wn/11d@2x.png', 'width': 100, 'height': 100, 'anchorY': 100}"
13,13,13,13,04-24-2022 19:37:07,32.9255,-96.729,201,thunderstorm with rain,11d,66.94,86,4828,16.11,MODERATE,"{'url': 'http://openweathermap.org/img/wn/11d@2x.png', 'width': 100, 'height': 100, 'anchorY': 100}"
14,14,14,14,04-24-2022 19:37:09,32.9255,-96.729,201,thunderstorm with rain,11d,66.94,86,4828,16.11,MODERATE,"{'url': 'http://openweathermap.org/img/wn/11d@2x.png', 'width': 100, 'height': 100, 'anchorY': 100}"
15,15,15,15,04-24-2022 19:37:10,32.9255,-96.729,201,thunderstorm with rain,11d,66.94,86,4828,16.11,MODERATE,"{'url': 'http://openweathermap.org/img/wn/11d@2x.png', 'width': 100, 'height': 100, 'anchorY': 100}"
16,16,16,16,04-24-2022 19:37:11,32.9255,-96.729,201,thunderstorm with rain,11d,66.94,86,4828,16.11,MODERATE,"{'url': 'http://openweathermap.org/img/wn/11d@2x.png', 'width': 100, 'height': 100, 'anchorY': 100}"
17,17,17,17,04-24-2022 19:37:12,32.9255,-96.729,201,thunderstorm with rain,11d,66.94,86,4828,16.11,MODERATE,"{'url': 'http://openweathermap.org/img/wn/11d@2x.png', 'width': 100, 'height': 100, 'anchorY': 100}"
18,18,18,18,04-24-2022 19:37:14,32.9255,-96.729,201,thunderstorm with rain,11d,66.94,86,4828,16.11,MODERATE,"{'url': 'http://openweathermap.org/img/wn/11d@2x.png', 'width': 100, 'height': 100, 'anchorY': 100}"
19,19,19,19,04-24-2022 19:37:15,32.9255,-96.729,201,thunderstorm with rain,11d,66.94,86,4828,16.11,MODERATE,"{'url': 'http://openweathermap.org/img/wn/11d@2x.png', 'width': 100, 'height': 100, 'anchorY': 100}"
20,20,20,20,04-24-2022 19:37:16,32.9255,-96.729,201,thunderstorm with rain,11d,66.94,86,4828,16.11,MODERATE,"{'url': 'http://openweathermap.org/img/wn/11d@2x.png', 'width': 100, 'height': 100, 'anchorY': 100}"
21,21,21,21,04-24-2022 19:37:17,32.9255,-96.729,201,thunderstorm with rain,11d,66.94,86,4828,16.11,MODERATE,"{'url': 'http://openweathermap.org/img/wn/11d@2x.png', 'width': 100, 'height': 100, 'anchorY': 100}"
22,22,22,22,04-24-2022 19:37:19,32.9255,-96.729,201,thunderstorm with rain,11d,66.94,86,4828,16.11,MODERATE,"{'url': 'http://openweathermap.org/img/wn/11d@2x.png', 'width': 100, 'height': 100, 'anchorY': 100}"
23,23,23,23,04-24-2022 19:37:20,32.9255,-96.729,201,thunderstorm with rain,11d,66.94,86,4828,16.11,MODERATE,"{'url': 'http://openweathermap.org/img/wn/11d@2x.png', 'width': 100, 'height': 100, 'anchorY': 100}"
24,24,24,24,04-24-2022 19:37:21,32.9255,-96.729,201,thunderstorm with rain,11d,66.94,86,4828,16.11,MODERATE,"{'url': 'http://openweathermap.org/img/wn/11d@2x.png', 'width': 100, 'height': 100, 'anchorY': 100}"
25,25,25,25,04-24-2022 19:37:22,32.9255,-96.729,201,thunderstorm with rain,11d,66.94,86,4828,16.11,MODERATE,"{'url': 'http://openweathermap.org/img/wn/11d@2x.png', 'width': 100, 'height': 100, 'anchorY': 100}"
26,26,26,26,04-24-2022 19:37:24,32.9276,-96.718,201,thunderstorm with rain,11d,66.88,86,4828,16.11,MODERATE,"{'url': 'http://openweathermap.org/img/wn/11d@2x.png', 'width': 100, 'height': 100, 'anchorY': 100}"
27,27,27,27,04-24-2022 19:37:25,32.9255,-96.729,201,thunderstorm with rain,11d,66.94,86,4828,16.11,MODERATE,"{'url': 'http://openweathermap.org/img/wn/11d@2x.png', 'width': 100, 'height': 100, 'anchorY': 100}"
28,28,28,28,04-24-2022 19:37:26,32.9255,-96.729,201,thunderstorm with rain,11d,66.94,86,4828,16.11,MODERATE,"{'url': 'http://openweathermap.org/img/wn/11d@2x.png', 'width': 100, 'height': 100, 'anchorY': 100}"
29,29,29,29,04-24-2022 19:37:27,32.9276,-96.718,201,thunderstorm with rain,11d,66.88,86,4828,16.11,MODERATE,"{'url': 'http://openweathermap.org/img/wn/11d@2x.png', 'width': 100, 'height': 100, 'anchorY': 100}"
30,30,30,30,04-24-2022 19:37:29,32.9276,-96.718,201,thunderstorm with rain,11d,66.88,86,4828,16.11,MODERATE,"{'url': 'http://openweathermap.org/img/wn/11d@2x.png', 'width': 100, 'height': 100, 'anchorY': 100}"
31,31,31,31,04-24-2022 19:37:30,32.9276,-96.718,201,thunderstorm with rain,11d,66.88,86,4828,16.11,MODERATE,"{'url': 'http://openweathermap.org/img/wn/11d@2x.png', 'width': 100, 'height': 100, 'anchorY': 100}"
32,32,32,32,04-24-2022 19:37:31,32.9255,-96.729,201,thunderstorm with rain,11d,66.94,86,4828,16.11,MODERATE,"{'url': 'http://openweathermap.org/img/wn/11d@2x.png', 'width': 100, 'height': 100, 'anchorY': 100}"
33,33,33,33,04-24-2022 19:37:32,32.9255,-96.729,201,thunderstorm with rain,11d,66.94,86,4828,16.11,MODERATE,"{'url': 'http://openweathermap.org/img/wn/11d@2x.png', 'width': 100, 'height': 100, 'anchorY': 100}"
34,34,34,34,04-24-2022 19:37:34,32.9255,-96.729,201,thunderstorm with rain,11d,66.94,86,4828,16.11,MODERATE,"{'url': 'http://openweathermap.org/img/wn/11d@2x.png', 'width': 100, 'height': 100, 'anchorY': 100}"
35,35,35,35,04-24-2022 19:37:35,32.9255,-96.729,201,thunderstorm with rain,11d,66.94,86,4828,16.11,MODERATE,"{'url': 'http://openweathermap.org/img/wn/11d@2x.png', 'width': 100, 'height': 100, 'anchorY': 100}"
36,36,36,36,04-24-2022 19:37:36,32.9255,-96.729,201,thunderstorm with rain,11d,66.94,86,4828,16.11,MODERATE,"{'url': 'http://openweathermap.org/img/wn/11d@2x.png', 'width': 100, 'height': 100, 'anchorY': 100}"
37,37,37,37,04-24-2022 19:37:37,32.9255,-96.729,201,thunderstorm with rain,11d,66.94,86,4828,16.11,MODERATE,"{'url': 'http://openweathermap.org/img/wn/11d@2x.png', 'width': 100, 'height': 100, 'anchorY': 100}"
38,38,38,38,04-24-2022 19:37:39,32.9255,-96.729,201,thunderstorm with rain,11d,66.94,86,4828,16.11,MODERATE,"{'url': 'http://openweathermap.org/img/wn/11d@2x.png', 'width': 100, 'height': 100, 'anchorY': 100}"
39,39,39,39,04-24-2022 19:37:40,32.9255,-96.729,201,thunderstorm with rain,11d,66.94,86,4828,16.11,MODERATE,"{'url': 'http://openweathermap.org/img/wn/11d@2x.png', 'width': 100, 'height': 100, 'anchorY': 100}"
40,40,40,40,04-24-2022 19:37:41,32.9255,-96.729,201,thunderstorm with rain,11d,66.94,86,4828,16.11,MODERATE,"{'url': 'http://openweathermap.org/img/wn/11d@2x.png', 'width': 100, 'height': 100, 'anchorY': 100}"
41,41,41,41,04-24-2022 19:37:42,32.9255,-96.729,201,thunderstorm with rain,11d,66.94,86,4828,16.11,MODERATE,"{'url': 'http://openweathermap.org/img/wn/11d@2x.png', 'width': 100, 'height': 100, 'anchorY': 100}"
42,42,42,42,04-24-2022 19:37:43,32.9255,-96.729,201,thunderstorm with rain,11d,66.94,86,4828,16.11,MODERATE,"{'url': 'http://openweathermap.org/img/wn/11d@2x.png', 'width': 100, 'height': 100, 'anchorY': 100}"
43,43,43,43,04-24-2022 19:37:45,32.9255,-96.729,201,thunderstorm with rain,11d,66.94,86,4828,16.11,MODERATE,"{'url': 'http://openweathermap.org/img/wn/11d@2x.png', 'width': 100, 'height': 100, 'anchorY': 100}"
44,44,44,44,04-24-2022 19:37:46,32.9276,-96.718,201,thunderstorm with rain,11d,66.88,86,4828,16.11,MODERATE,"{'url': 'http://openweathermap.org/img/wn/11d@2x.png', 'width': 100, 'height': 100, 'anchorY': 100}"
45,45,45,45,04-24-2022 19:37:47,32.9276,-96.718,201,thunderstorm with rain,11d,66.88,86,4828,16.11,MODERATE,"{'url': 'http://openweathermap.org/img/wn/11d@2x.png', 'width': 100, 'height': 100, 'anchorY': 100}"
46,46,46,46,04-24-2022 19:37:48,32.9276,-96.718,201,thunderstorm with rain,11d,66.88,86,4828,16.11,MODERATE,"{'url': 'http://openweathermap.org/img/wn/11d@2x.png', 'width': 100, 'height': 100, 'anchorY': 100}"
47,47,47,47,04-24-2022 19:37:50,32.9255,-96.729,201,thunderstorm with rain,11d,66.94,86,4828,16.11,MODERATE,"{'url': 'http://openweathermap.org/img/wn/11d@2x.png', 'width': 100, 'height': 100, 'anchorY': 100}"
48,48,48,48,04-24-2022 19:37:51,32.9255,-96.729,201,thunderstorm with rain,11d,66.94,86,4828,16.11,MODERATE,"{'url': 'http://openweathermap.org/img/wn/11d@2x.png', 'width': 100, 'height': 100, 'anchorY': 100}"
49,49,49,49,04-24-2022 19:37:52,32.9255,-96.729,201,thunderstorm with rain,11d,66.94,86,4828,16.11,MODERATE,"{'url': 'http://openweathermap.org/img/wn/11d@2x.png', 'width': 100, 'height': 100, 'anchorY': 100}"
50,50,50,50,04-24-2022 19:37:53,32.9276,-96.718,201,thunderstorm with rain,11d,66.88,86,4828,16.11,MODERATE,"{'url': 'http://openweathermap.org/img/wn/11d@2x.png', 'width': 100, 'height': 100, 'anchorY': 100}"
51,51,51,51,04-24-2022 19:37:55,32.9276,-96.718,201,thunderstorm with rain,11d,66.88,86,4828,16.11,MODERATE,"{'url': 'http://openweathermap.org/img/wn/11d@2x.png', 'width': 100, 'height': 100, 'anchorY': 100}"
52,52,52,52,04-24-2022 19:37:56,32.9276,-96.718,201,thunderstorm with rain,11d,66.88,86,4828,16.11,MODERATE,"{'url': 'http://openweathermap.org/img/wn/11d@2x.png', 'width': 100, 'height': 100, 'anchorY': 100}"
53,53,53,53,04-24-2022 19:37:57,32.9276,-96.718,201,thunderstorm with rain,11d,66.88,86,4828,16.11,MODERATE,"{'url': 'http://openweathermap.org/img/wn/11d@2x.png', 'width': 100, 'height': 100, 'anchorY': 100}"
54,54,54,54,04-24-2022 19:37:58,32.9255,-96.729,201,thunderstorm with rain,11d,66.94,86,4828,16.11,MODERATE,"{'url': 'http://openweathermap.org/img/wn/11d@2x.png', 'width': 100, 'height': 100, 'anchorY': 100}"
55,55,55,55,04-24-2022 19:37:59,32.9276,-96.718,201,thunderstorm with rain,11d,66.88,86,4828,16.11,MODERATE,"{'url': 'http://openweathermap.org/img/wn/11d@2x.png', 'width': 100, 'height': 100, 'anchorY': 100}"
56,56,56,56,04-24-2022 19:38:01,32.9276,-96.718,201,thunderstorm with rain,11d,66.88,86,4828,16.11,MODERATE,"{'url': 'http://openweathermap.org/img/wn/11d@2x.png', 'width': 100, 'height': 100, 'anchorY': 100}"
57,57,57,57,04-24-2022 19:38:02,32.9255,-96.729,201,thunderstorm with rain,11d,66.94,86,4828,16.11,MODERATE,"{'url': 'http://openweathermap.org/img/wn/11d@2x.png', 'width': 100, 'height': 100, 'anchorY': 100}"
58,58,58,58,04-24-2022 19:38:03,32.9255,-96.729,201,thunderstorm with rain,11d,66.94,86,4828,16.11,MODERATE,"{'url': 'http://openweathermap.org/img/wn/11d@2x.png', 'width': 100, 'height': 100, 'anchorY': 100}"
59,59,59,59,04-24-2022 19:38:04,32.9255,-96.729,201,thunderstorm with rain,11d,66.94,86,4828,16.11,MODERATE,"{'url': 'http://openweathermap.org/img/wn/11d@2x.png', 'width': 100, 'height': 100, 'anchorY': 100}"
60,60,60,60,04-24-2022 19:38:06,32.9276,-96.718,201,thunderstorm with rain,11d,66.88,86,4828,16.11,MODERATE,"{'url': 'http://openweathermap.org/img/wn/11d@2x.png', 'width': 100, 'height': 100, 'anchorY': 100}"
61,61,61,61,04-24-2022 19:38:07,32.9318,-96.687,201,thunderstorm with rain,11d,66.9,86,4828,16.11,MODERATE,"{'url': 'http://openweathermap.org/img/wn/11d@2x.png', 'width': 100, 'height': 100, 'anchorY': 100}"
62,62,62,62,04-24-2022 19:38:08,32.9255,-96.729,201,thunderstorm with rain,11d,66.94,86,4828,16.11,MODERATE,"{'url': 'http://openweathermap.org/img/wn/11d@2x.png', 'width': 100, 'height': 100, 'anchorY': 100}"
63,63,63,63,04-24-2022 19:38:09,32.9318,-96.687,201,thunderstorm with rain,11d,66.9,86,4828,16.11,MODERATE,"{'url': 'http://openweathermap.org/img/wn/11d@2x.png', 'width': 100, 'height': 100, 'anchorY': 100}"
64,64,64,64,04-24-2022 19:38:11,32.9276,-96.718,201,thunderstorm with rain,11d,66.88,86,4828,16.11,MODERATE,"{'url': 'http://openweathermap.org/img/wn/11d@2x.png', 'width': 100, 'height': 100, 'anchorY': 100}"
65,65,65,65,04-24-2022 19:38:12,32.9276,-96.718,201,thunderstorm with rain,11d,66.88,86,4828,16.11,MODERATE,"{'url': 'http://openweathermap.org/img/wn/11d@2x.png', 'width': 100, 'height': 100, 'anchorY': 100}"
66,66,66,66,04-24-2022 19:38:13,32.9276,-96.718,201,thunderstorm with rain,11d,66.88,86,4828,16.11,MODERATE,"{'url': 'http://openweathermap.org/img/wn/11d@2x.png', 'width': 100, 'height': 100, 'anchorY': 100}"
67,67,67,67,04-24-2022 19:38:14,32.9276,-96.718,201,thunderstorm with rain,11d,66.88,86,4828,16.11,MODERATE,"{'url': 'http://openweathermap.org/img/wn/11d@2x.png', 'width': 100, 'height': 100, 'anchorY': 100}"
68,68,68,68,04-24-2022 19:38:16,32.9276,-96.718,201,thunderstorm with rain,11d,66.88,86,4828,16.11,MODERATE,"{'url': 'http://openweathermap.org/img/wn/11d@2x.png', 'width': 100, 'height': 100, 'anchorY': 100}"
69,69,69,69,04-24-2022 19:38:17,32.9276,-96.718,201,thunderstorm with rain,11d,66.88,86,4828,16.11,MODERATE,"{'url': 'http://openweathermap.org/img/wn/11d@2x.png', 'width': 100, 'height': 100, 'anchorY': 100}"
70,70,70,70,04-24-2022 19:38:18,32.9276,-96.718,201,thunderstorm with rain,11d,66.88,86,4828,16.11,MODERATE,"{'url': 'http://openweathermap.org/img/wn/11d@2x.png', 'width': 100, 'height': 100, 'anchorY': 100}"
71,71,71,71,04-24-2022 19:38:19,32.9328,-96.711,201,thunderstorm with rain,11d,66.72,86,4828,16.11,MODERATE,"{'url': 'http://openweathermap.org/img/wn/11d@2x.png', 'width': 100, 'height': 100, 'anchorY': 100}"
72,72,72,72,04-24-2022 19:38:21,32.9276,-96.718,201,thunderstorm with rain,11d,66.88,86,4828,16.11,MODERATE,"{'url': 'http://openweathermap.org/img/wn/11d@2x.png', 'width': 100, 'height': 100, 'anchorY': 100}"
73,73,73,73,04-24-2022 19:38:22,32.9255,-96.729,201,thunderstorm with rain,11d,66.94,86,4828,16.11,MODERATE,"{'url': 'http://openweathermap.org/img/wn/11d@2x.png', 'width': 100, 'height': 100, 'anchorY': 100}"
74,74,74,74,04-24-2022 19:38:23,32.9255,-96.729,201,thunderstorm with rain,11d,66.94,86,4828,16.11,MODERATE,"{'url': 'http://openweathermap.org/img/wn/11d@2x.png', 'width': 100, 'height': 100, 'anchorY': 100}"
75,75,75,75,04-24-2022 19:38:24,32.9328,-96.711,201,thunderstorm with rain,11d,66.72,86,4828,16.11,MODERATE,"{'url': 'http://openweathermap.org/img/wn/11d@2x.png', 'width': 100, 'height': 100, 'anchorY': 100}"
76,76,76,76,04-24-2022 19:38:26,32.9333,-96.683,201,thunderstorm with rain,11d,67.06,86,4828,16.11,MODERATE,"{'url': 'http://openweathermap.org/img/wn/11d@2x.png', 'width': 100, 'height': 100, 'anchorY': 100}"
77,77,77,77,04-24-2022 19:38:27,32.9333,-96.683,201,thunderstorm with rain,11d,67.06,86,4828,16.11,MODERATE,"{'url': 'http://openweathermap.org/img/wn/11d@2x.png', 'width': 100, 'height': 100, 'anchorY': 100}"
78,78,78,78,04-24-2022 19:38:28,32.9318,-96.687,201,thunderstorm with rain,11d,66.9,86,4828,16.11,MODERATE,"{'url': 'http://openweathermap.org/img/wn/11d@2x.png', 'width': 100, 'height': 100, 'anchorY': 100}"
79,79,79,79,04-24-2022 19:38:29,32.9318,-96.687,201,thunderstorm with rain,11d,66.9,86,4828,16.11,MODERATE,"{'url': 'http://openweathermap.org/img/wn/11d@2x.png', 'width': 100, 'height': 100, 'anchorY': 100}"
80,80,80,80,04-24-2022 19:38:31,32.9318,-96.687,201,thunderstorm with rain,11d,66.9,86,4828,16.11,MODERATE,"{'url': 'http://openweathermap.org/img/wn/11d@2x.png', 'width': 100, 'height': 100, 'anchorY': 100}"
81,81,81,81,04-24-2022 19:38:32,32.9318,-96.687,201,thunderstorm with rain,11d,66.9,86,4828,16.11,MODERATE,"{'url': 'http://openweathermap.org/img/wn/11d@2x.png', 'width': 100, 'height': 100, 'anchorY': 100}"
82,82,82,82,04-24-2022 19:38:33,32.9318,-96.687,201,thunderstorm with rain,11d,66.9,86,4828,16.11,MODERATE,"{'url': 'http://openweathermap.org/img/wn/11d@2x.png', 'width': 100, 'height': 100, 'anchorY': 100}"
83,83,83,83,04-24-2022 19:38:34,32.9318,-96.687,201,thunderstorm with rain,11d,66.9,86,4828,16.11,MODERATE,"{'url': 'http://openweathermap.org/img/wn/11d@2x.png', 'width': 100, 'height': 100, 'anchorY': 100}"
84,84,84,84,04-24-2022 19:38:35,32.9318,-96.687,201,thunderstorm with rain,11d,66.9,86,4828,16.11,MODERATE,"{'url': 'http://openweathermap.org/img/wn/11d@2x.png', 'width': 100, 'height': 100, 'anchorY': 100}"
85,85,85,85,04-24-2022 19:38:37,32.9318,-96.687,201,thunderstorm with rain,11d,66.9,86,4828,16.11,MODERATE,"{'url': 'http://openweathermap.org/img/wn/11d@2x.png', 'width': 100, 'height': 100, 'anchorY': 100}"
86,86,86,86,04-24-2022 19:38:38,32.9336,-96.7,201,thunderstorm with rain,11d,66.74,86,4828,16.11,MODERATE,"{'url': 'http://openweathermap.org/img/wn/11d@2x.png', 'width': 100, 'height': 100, 'anchorY': 100}"
87,87,87,87,04-24-2022 19:38:39,32.9328,-96.711,201,thunderstorm with rain,11d,66.72,86,4828,16.11,MODERATE,"{'url': 'http://openweathermap.org/img/wn/11d@2x.png', 'width': 100, 'height': 100, 'anchorY': 100}"
88,88,88,88,04-24-2022 19:38:41,32.9333,-96.683,201,thunderstorm with rain,11d,67.06,86,4828,16.11,MODERATE,"{'url': 'http://openweathermap.org/img/wn/11d@2x.png', 'width': 100, 'height': 100, 'anchorY': 100}"
89,89,89,89,04-24-2022 19:38:42,32.9318,-96.687,201,thunderstorm with rain,11d,66.9,86,4828,16.11,MODERATE,"{'url': 'http://openweathermap.org/img/wn/11d@2x.png', 'width': 100, 'height': 100, 'anchorY': 100}"
90,90,90,90,04-24-2022 19:38:43,32.9318,-96.687,201,thunderstorm with rain,11d,66.9,86,4828,16.11,MODERATE,"{'url': 'http://openweathermap.org/img/wn/11d@2x.png', 'width': 100, 'height': 100, 'anchorY': 100}"
91,91,91,91,04-24-2022 19:38:44,32.9328,-96.711,201,thunderstorm with rain,11d,66.72,86,4828,16.11,MODERATE,"{'url': 'http://openweathermap.org/img/wn/11d@2x.png', 'width': 100, 'height': 100, 'anchorY': 100}"
92,92,92,92,04-24-2022 19:38:45,32.9336,-96.7,201,thunderstorm with rain,11d,66.74,86,4828,16.11,MODERATE,"{'url': 'http://openweathermap.org/img/wn/11d@2x.png', 'width': 100, 'height': 100, 'anchorY': 100}"
93,93,93,93,04-24-2022 19:38:47,32.9276,-96.718,201,thunderstorm with rain,11d,66.88,86,4828,16.11,MODERATE,"{'url': 'http://openweathermap.org/img/wn/11d@2x.png', 'width': 100, 'height': 100, 'anchorY': 100}"
94,94,94,94,04-24-2022 19:38:48,32.9318,-96.687,201,thunderstorm with rain,11d,66.9,86,4828,16.11,MODERATE,"{'url': 'http://openweathermap.org/img/wn/11d@2x.png', 'width': 100, 'height': 100, 'anchorY': 100}"
95,95,95,95,04-24-2022 19:38:49,32.9336,-96.7,201,thunderstorm with rain,11d,66.74,86,4828,16.11,MODERATE,"{'url': 'http://openweathermap.org/img/wn/11d@2x.png', 'width': 100, 'height': 100, 'anchorY': 100}"
96,96,96,96,04-24-2022 19:38:50,32.9333,-96.683,201,thunderstorm with rain,11d,67.06,86,4828,16.11,MODERATE,"{'url': 'http://openweathermap.org/img/wn/11d@2x.png', 'width': 100, 'height': 100, 'anchorY': 100}"
97,97,97,97,04-24-2022 19:38:52,32.9276,-96.718,201,thunderstorm with rain,11d,66.88,86,4828,16.11,MODERATE,"{'url': 'http://openweathermap.org/img/wn/11d@2x.png', 'width': 100, 'height': 100, 'anchorY': 100}"
98,98,98,98,04-24-2022 19:38:53,32.9276,-96.718,201,thunderstorm with rain,11d,66.88,86,4828,16.11,MODERATE,"{'url': 'http://openweathermap.org/img/wn/11d@2x.png', 'width': 100, 'height': 100, 'anchorY': 100}"
99,99,99,99,04-24-2022 19:38:54,32.9276,-96.718,201,thunderstorm with rain,11d,66.88,86,4828,16.11,MODERATE,"{'url': 'http://openweathermap.org/img/wn/11d@2x.png', 'width': 100, 'height': 100, 'anchorY': 100}"
100,100,100,100,04-24-2022 19:38:56,32.935,-96.715,201,thunderstorm with rain,11d,66.7,86,4828,16.11,MODERATE,"{'url': 'http://openweathermap.org/img/wn/11d@2x.png', 'width': 100, 'height': 100, 'anchorY': 100}"
101,101,101,101,04-24-2022 19:38:57,32.9351,-96.748,201,thunderstorm with rain,11d,66.65,86,4828,16.11,MODERATE,"{'url': 'http://openweathermap.org/img/wn/11d@2x.png', 'width': 100, 'height': 100, 'anchorY': 100}"
102,102,102,102,04-24-2022 19:39:01,32.9354,-96.682,201,thunderstorm with rain,11d,66.9,86,4828,16.11,MODERATE,"{'url': 'http://openweathermap.org/img/wn/11d@2x.png', 'width': 100, 'height': 100, 'anchorY': 100}"
103,103,103,103,04-24-2022 19:39:02,32.935,-96.715,201,thunderstorm with rain,11d,66.7,86,4828,16.11,MODERATE,"{'url': 'http://openweathermap.org/img/wn/11d@2x.png', 'width': 100, 'height': 100, 'anchorY': 100}"
104,104,104,104,04-24-2022 19:39:04,32.935,-96.715,201,thunderstorm with rain,11d,66.7,86,4828,16.11,MODERATE,"{'url': 'http://openweathermap.org/img/wn/11d@2x.png', 'width': 100, 'height': 100, 'anchorY': 100}"
105,105,105,105,04-24-2022 19:39:05,32.935,-96.715,201,thunderstorm with rain,11d,66.7,86,4828,16.11,MODERATE,"{'url': 'http://openweathermap.org/img/wn/11d@2x.png', 'width': 100, 'height': 100, 'anchorY': 100}"
106,106,106,106,04-24-2022 19:39:06,32.9358,-96.712,201,thunderstorm with rain,11d,66.67,87,4828,16.11,MODERATE,"{'url': 'http://openweathermap.org/img/wn/11d@2x.png', 'width': 100, 'height': 100, 'anchorY': 100}"
107,107,107,107,04-24-2022 19:39:09,32.935,-96.715,201,thunderstorm with rain,11d,66.7,86,4828,16.11,MODERATE,"{'url': 'http://openweathermap.org/img/wn/11d@2x.png', 'width': 100, 'height': 100, 'anchorY': 100}"
108,108,108,108,04-24-2022 19:39:13,32.9363,-96.742,201,thunderstorm with rain,11d,66.67,87,4828,16.11,MODERATE,"{'url': 'http://openweathermap.org/img/wn/11d@2x.png', 'width': 100, 'height': 100, 'anchorY': 100}"
109,109,109,109,04-24-2022 19:39:14,32.935,-96.715,201,thunderstorm with rain,11d,66.7,86,4828,16.11,MODERATE,"{'url': 'http://openweathermap.org/img/wn/11d@2x.png', 'width': 100, 'height': 100, 'anchorY': 100}"
110,110,110,110,04-24-2022 19:39:15,32.935,-96.715,201,thunderstorm with rain,11d,66.7,86,4828,16.11,MODERATE,"{'url': 'http://openweathermap.org/img/wn/11d@2x.png', 'width': 100, 'height': 100, 'anchorY': 100}"
111,111,111,111,04-24-2022 19:39:17,32.9363,-96.742,201,thunderstorm with rain,11d,66.67,87,4828,16.11,MODERATE,"{'url': 'http://openweathermap.org/img/wn/11d@2x.png', 'width': 100, 'height': 100, 'anchorY': 100}"
112,112,112,112,04-24-2022 19:39:18,32.9363,-96.742,201,thunderstorm with rain,11d,66.67,87,4828,16.11,MODERATE,"{'url': 'http://openweathermap.org/img/wn/11d@2x.png', 'width': 100, 'height': 100, 'anchorY': 100}"
113,113,113,113,04-24-2022 19:39:19,32.9363,-96.742,201,thunderstorm with rain,11d,66.67,87,4828,16.11,MODERATE,"{'url': 'http://openweathermap.org/img/wn/11d@2x.png', 'width': 100, 'height': 100, 'anchorY': 100}"
114,114,114,114,04-24-2022 19:39:20,32.9351,-96.748,201,thunderstorm with rain,11d,66.65,86,4828,16.11,MODERATE,"{'url': 'http://openweathermap.org/img/wn/11d@2x.png', 'width': 100, 'height': 100, 'anchorY': 100}"
115,115,115,115,04-24-2022 19:39:22,32.9351,-96.748,201,thunderstorm with rain,11d,66.65,86,4828,16.11,MODERATE,"{'url': 'http://openweathermap.org/img/wn/11d@2x.png', 'width': 100, 'height': 100, 'anchorY': 100}"
116,116,116,116,04-24-2022 19:39:23,32.9351,-96.748,201,thunderstorm with rain,11d,66.65,86,4828,16.11,MODERATE,"{'url': 'http://openweathermap.org/img/wn/11d@2x.png', 'width': 100, 'height': 100, 'anchorY': 100}"
117,117,117,117,04-24-2022 19:39:24,32.935,-96.715,201,thunderstorm with rain,11d,66.7,86,4828,16.11,MODERATE,"{'url': 'http://openweathermap.org/img/wn/11d@2x.png', 'width': 100, 'height': 100, 'anchorY': 100}"
118,118,118,118,04-24-2022 19:39:25,32.9351,-96.748,201,thunderstorm with rain,11d,66.65,86,4828,16.11,MODERATE,"{'url': 'http://openweathermap.org/img/wn/11d@2x.png', 'width': 100, 'height': 100, 'anchorY': 100}"
119,119,119,119,04-24-2022 19:39:27,32.9351,-96.748,201,thunderstorm with rain,11d,66.65,86,4828,16.11,MODERATE,"{'url': 'http://openweathermap.org/img/wn/11d@2x.png', 'width': 100, 'height': 100, 'anchorY': 100}"
120,120,120,120,04-24-2022 19:39:28,32.9351,-96.748,201,thunderstorm with rain,11d,66.65,86,4828,16.11,MODERATE,"{'url': 'http://openweathermap.org/img/wn/11d@2x.png', 'width': 100, 'height': 100, 'anchorY': 100}"
121,121,121,121,04-24-2022 19:39:29,32.935,-96.715,201,thunderstorm with rain,11d,66.7,86,4828,16.11,MODERATE,"{'url': 'http://openweathermap.org/img/wn/11d@2x.png', 'width': 100, 'height': 100, 'anchorY': 100}"
122,122,122,122,04-24-2022 19:39:30,32.9351,-96.748,201,thunderstorm with rain,11d,66.65,86,4828,16.11,MODERATE,"{'url': 'http://openweathermap.org/img/wn/11d@2x.png', 'width': 100, 'height': 100, 'anchorY': 100}"
123,123,123,123,04-24-2022 19:39:31,32.9351,-96.748,201,thunderstorm with rain,11d,66.65,86,4828,16.11,MODERATE,"{'url': 'http://openweathermap.org/img/wn/11d@2x.png', 'width': 100, 'height': 100, 'anchorY': 100}"
124,124,124,124,04-24-2022 19:39:33,32.9354,-96.682,201,thunderstorm with rain,11d,66.9,86,4828,16.11,MODERATE,"{'url': 'http://openweathermap.org/img/wn/11d@2x.png', 'width': 100, 'height': 100, 'anchorY': 100}"
125,125,125,125,04-24-2022 19:39:34,32.9351,-96.748,201,thunderstorm with rain,11d,66.65,86,4828,16.11,MODERATE,"{'url': 'http://openweathermap.org/img/wn/11d@2x.png', 'width': 100, 'height': 100, 'anchorY': 100}"
126,126,126,126,04-24-2022 19:39:35,32.9381,-96.733,201,thunderstorm with rain,11d,66.7,87,4828,16.11,MODERATE,"{'url': 'http://openweathermap.org/img/wn/11d@2x.png', 'width': 100, 'height': 100, 'anchorY': 100}"
127,127,127,127,04-24-2022 19:39:37,32.9351,-96.748,201,thunderstorm with rain,11d,66.65,86,4828,16.11,MODERATE,"{'url': 'http://openweathermap.org/img/wn/11d@2x.png', 'width': 100, 'height': 100, 'anchorY': 100}"
128,128,128,128,04-24-2022 19:39:38,32.9351,-96.748,201,thunderstorm with rain,11d,66.65,86,4828,16.11,MODERATE,"{'url': 'http://openweathermap.org/img/wn/11d@2x.png', 'width': 100, 'height': 100, 'anchorY': 100}"
129,129,129,129,04-24-2022 19:39:39,32.9351,-96.748,201,thunderstorm with rain,11d,66.65,86,4828,16.11,MODERATE,"{'url': 'http://openweathermap.org/img/wn/11d@2x.png', 'width': 100, 'height': 100, 'anchorY': 100}"
130,130,130,130,04-24-2022 19:39:40,32.9351,-96.748,201,thunderstorm with rain,11d,66.65,86,4828,16.11,MODERATE,"{'url': 'http://openweathermap.org/img/wn/11d@2x.png', 'width': 100, 'height': 100, 'anchorY': 100}"
131,131,131,131,04-24-2022 19:39:42,32.9351,-96.748,201,thunderstorm with rain,11d,66.65,86,4828,16.11,MODERATE,"{'url': 'http://openweathermap.org/img/wn/11d@2x.png', 'width': 100, 'height': 100, 'anchorY': 100}"
132,132,132,132,04-24-2022 19:39:43,32.9351,-96.748,201,thunderstorm with rain,11d,66.65,86,4828,16.11,MODERATE,"{'url': 'http://openweathermap.org/img/wn/11d@2x.png', 'width': 100, 'height': 100, 'anchorY': 100}"
133,133,133,133,04-24-2022 19:39:44,32.9351,-96.748,201,thunderstorm with rain,11d,66.65,86,4828,16.11,MODERATE,"{'url': 'http://openweathermap.org/img/wn/11d@2x.png', 'width': 100, 'height': 100, 'anchorY': 100}"
134,134,134,134,04-24-2022 19:39:45,32.9351,-96.748,201,thunderstorm with rain,11d,66.65,86,4828,16.11,MODERATE,"{'url': 'http://openweathermap.org/img/wn/11d@2x.png', 'width': 100, 'height': 100, 'anchorY': 100}"
135,135,135,135,04-24-2022 19:39:46,32.9351,-96.748,201,thunderstorm with rain,11d,66.65,86,4828,16.11,MODERATE,"{'url': 'http://openweathermap.org/img/wn/11d@2x.png', 'width': 100, 'height': 100, 'anchorY': 100}"
136,136,136,136,04-24-2022 19:39:48,32.9351,-96.748,201,thunderstorm with rain,11d,66.65,86,4828,16.11,MODERATE,"{'url': 'http://openweathermap.org/img/wn/11d@2x.png', 'width': 100, 'height': 100, 'anchorY': 100}"
137,137,137,137,04-24-2022 19:39:49,32.9351,-96.748,201,thunderstorm with rain,11d,66.65,86,4828,16.11,MODERATE,"{'url': 'http://openweathermap.org/img/wn/11d@2x.png', 'width': 100, 'height': 100, 'anchorY': 100}"
138,138,138,138,04-24-2022 19:39:50,32.9351,-96.748,201,thunderstorm with rain,11d,66.65,86,4828,16.11,MODERATE,"{'url': 'http://openweathermap.org/img/wn/11d@2x.png', 'width': 100, 'height': 100, 'anchorY': 100}"
139,139,139,139,04-24-2022 19:39:51,32.9351,-96.748,201,thunderstorm with rain,11d,66.65,86,4828,16.11,MODERATE,"{'url': 'http://openweathermap.org/img/wn/11d@2x.png', 'width': 100, 'height': 100, 'anchorY': 100}"
140,140,140,140,04-24-2022 19:39:53,32.9351,-96.748,201,thunderstorm with rain,11d,66.65,86,4828,16.11,MODERATE,"{'url': 'http://openweathermap.org/img/wn/11d@2x.png', 'width': 100, 'height': 100, 'anchorY': 100}"
141,141,141,141,04-24-2022 19:39:54,32.9351,-96.748,201,thunderstorm with rain,11d,66.65,86,4828,16.11,MODERATE,"{'url': 'http://openweathermap.org/img/wn/11d@2x.png', 'width': 100, 'height': 100, 'anchorY': 100}"
142,142,142,142,04-24-2022 19:39:55,32.9351,-96.748,201,thunderstorm with rain,11d,66.65,86,4828,16.11,MODERATE,"{'url': 'http://openweathermap.org/img/wn/11d@2x.png', 'width': 100, 'height': 100, 'anchorY': 100}"
143,143,143,143,04-24-2022 19:39:57,32.9397,-96.764,201,thunderstorm with rain,11d,66.56,87,4828,16.11,MODERATE,"{'url': 'http://openweathermap.org/img/wn/11d@2x.png', 'width': 100, 'height': 100, 'anchorY': 100}"
144,144,144,144,04-24-2022 19:39:58,32.9351,-96.748,201,thunderstorm with rain,11d,66.65,86,4828,16.11,MODERATE,"{'url': 'http://openweathermap.org/img/wn/11d@2x.png', 'width': 100, 'height': 100, 'anchorY': 100}"
145,145,145,145,04-24-2022 19:39:59,32.9351,-96.748,201,thunderstorm with rain,11d,66.65,86,4828,16.11,MODERATE,"{'url': 'http://openweathermap.org/img/wn/11d@2x.png', 'width': 100, 'height': 100, 'anchorY': 100}"
146,146,146,146,04-24-2022 19:40:00,32.9351,-96.748,201,thunderstorm with rain,11d,66.65,86,4828,16.11,MODERATE,"{'url': 'http://openweathermap.org/img/wn/11d@2x.png', 'width': 100, 'height': 100, 'anchorY': 100}"
147,147,147,147,04-24-2022 19:40:01,32.9351,-96.748,201,thunderstorm with rain,11d,66.65,86,4828,16.11,MODERATE,"{'url': 'http://openweathermap.org/img/wn/11d@2x.png', 'width': 100, 'height': 100, 'anchorY': 100}"
148,148,148,148,04-24-2022 19:40:03,32.9351,-96.748,201,thunderstorm with rain,11d,66.65,86,4828,16.11,MODERATE,"{'url': 'http://openweathermap.org/img/wn/11d@2x.png', 'width': 100, 'height': 100, 'anchorY': 100}"
149,149,149,149,04-24-2022 19:40:04,32.9351,-96.748,201,thunderstorm with rain,11d,66.65,86,4828,16.11,MODERATE,"{'url': 'http://openweathermap.org/img/wn/11d@2x.png', 'width': 100, 'height': 100, 'anchorY': 100}"
150,150,150,150,04-24-2022 19:40:05,32.9351,-96.748,201,thunderstorm with rain,11d,66.65,86,4828,16.11,MODERATE,"{'url': 'http://openweathermap.org/img/wn/11d@2x.png', 'width': 100, 'height': 100, 'anchorY': 100}"
151,151,151,151,04-24-2022 19:40:06,32.9363,-96.742,201,thunderstorm with rain,11d,66.67,87,4828,16.11,MODERATE,"{'url': 'http://openweathermap.org/img/wn/11d@2x.png', 'width': 100, 'height': 100, 'anchorY': 100}"
152,152,152,152,04-24-2022 19:40:08,32.9351,-96.748,201,thunderstorm with rain,11d,66.65,86,4828,16.11,MODERATE,"{'url': 'http://openweathermap.org/img/wn/11d@2x.png', 'width': 100, 'height': 100, 'anchorY': 100}"
153,153,153,153,04-24-2022 19:40:09,32.9351,-96.748,201,thunderstorm with rain,11d,66.65,86,4828,16.11,MODERATE,"{'url': 'http://openweathermap.org/img/wn/11d@2x.png', 'width': 100, 'height': 100, 'anchorY': 100}"
154,154,154,154,04-24-2022 19:40:10,32.9363,-96.742,201,thunderstorm with rain,11d,66.67,87,4828,16.11,MODERATE,"{'url': 'http://openweathermap.org/img/wn/11d@2x.png', 'width': 100, 'height': 100, 'anchorY': 100}"
155,155,155,155,04-24-2022 19:40:11,32.9363,-96.742,201,thunderstorm with rain,11d,66.67,87,4828,16.11,MODERATE,"{'url': 'http://openweathermap.org/img/wn/11d@2x.png', 'width': 100, 'height': 100, 'anchorY': 100}"
156,156,156,156,04-24-2022 19:40:13,32.9363,-96.742,201,thunderstorm with rain,11d,66.67,87,4828,16.11,MODERATE,"{'url': 'http://openweathermap.org/img/wn/11d@2x.png', 'width': 100, 'height': 100, 'anchorY': 100}"
157,157,157,157,04-24-2022 19:40:14,32.9351,-96.748,201,thunderstorm with rain,11d,66.65,86,4828,16.11,MODERATE,"{'url': 'http://openweathermap.org/img/wn/11d@2x.png', 'width': 100, 'height': 100, 'anchorY': 100}"
158,158,158,158,04-24-2022 19:40:15,32.935,-96.715,201,thunderstorm with rain,11d,66.7,86,4828,16.11,MODERATE,"{'url': 'http://openweathermap.org/img/wn/11d@2x.png', 'width': 100, 'height': 100, 'anchorY': 100}"
159,159,159,159,04-24-2022 19:40:16,32.935,-96.715,201,thunderstorm with rain,11d,66.7,86,4828,16.11,MODERATE,"{'url': 'http://openweathermap.org/img/wn/11d@2x.png', 'width': 100, 'height': 100, 'anchorY': 100}"
160,160,160,160,04-24-2022 19:40:17,32.9363,-96.742,201,thunderstorm with rain,11d,66.67,87,4828,16.11,MODERATE,"{'url': 'http://openweathermap.org/img/wn/11d@2x.png', 'width': 100, 'height': 100, 'anchorY': 100}"
161,161,161,161,04-24-2022 19:40:19,32.9363,-96.742,201,thunderstorm with rain,11d,66.67,87,4828,16.11,MODERATE,"{'url': 'http://openweathermap.org/img/wn/11d@2x.png', 'width': 100, 'height': 100, 'anchorY': 100}"
162,162,162,162,04-24-2022 19:40:20,32.9363,-96.742,201,thunderstorm with rain,11d,66.67,87,4828,16.11,MODERATE,"{'url': 'http://openweathermap.org/img/wn/11d@2x.png', 'width': 100, 'height': 100, 'anchorY': 100}"
163,163,163,163,04-24-2022 19:40:21,32.9363,-96.742,201,thunderstorm with rain,11d,66.67,87,4828,16.11,MODERATE,"{'url': 'http://openweathermap.org/img/wn/11d@2x.png', 'width': 100, 'height': 100, 'anchorY': 100}"
164,164,164,164,04-24-2022 19:40:22,32.9363,-96.742,201,thunderstorm with rain,11d,66.67,87,4828,16.11,MODERATE,"{'url': 'http://openweathermap.org/img/wn/11d@2x.png', 'width': 100, 'height': 100, 'anchorY': 100}"
165,165,165,165,04-24-2022 19:40:24,32.9397,-96.764,201,thunderstorm with rain,11d,66.56,87,4828,16.11,MODERATE,"{'url': 'http://openweathermap.org/img/wn/11d@2x.png', 'width': 100, 'height': 100, 'anchorY': 100}"
166,166,166,166,04-24-2022 19:40:25,32.9363,-96.742,201,thunderstorm with rain,11d,66.67,87,4828,16.11,MODERATE,"{'url': 'http://openweathermap.org/img/wn/11d@2x.png', 'width': 100, 'height': 100, 'anchorY': 100}"
167,167,167,167,04-24-2022 19:40:26,32.9363,-96.742,201,thunderstorm with rain,11d,66.67,87,4828,16.11,MODERATE,"{'url': 'http://openweathermap.org/img/wn/11d@2x.png', 'width': 100, 'height': 100, 'anchorY': 100}"
168,168,168,168,04-24-2022 19:40:27,32.9363,-96.742,201,thunderstorm with rain,11d,66.67,87,4828,16.11,MODERATE,"{'url': 'http://openweathermap.org/img/wn/11d@2x.png', 'width': 100, 'height': 100, 'anchorY': 100}"
169,169,169,169,04-24-2022 19:40:29,32.9363,-96.742,201,thunderstorm with rain,11d,66.67,87,4828,16.11,MODERATE,"{'url': 'http://openweathermap.org/img/wn/11d@2x.png', 'width': 100, 'height': 100, 'anchorY': 100}"
170,170,170,170,04-24-2022 19:40:30,32.935,-96.715,201,thunderstorm with rain,11d,66.7,86,4828,16.11,MODERATE,"{'url': 'http://openweathermap.org/img/wn/11d@2x.png', 'width': 100, 'height': 100, 'anchorY': 100}"
171,171,171,171,04-24-2022 19:40:32,32.9363,-96.742,201,thunderstorm with rain,11d,66.67,87,4828,16.11,MODERATE,"{'url': 'http://openweathermap.org/img/wn/11d@2x.png', 'width': 100, 'height': 100, 'anchorY': 100}"
172,172,172,172,04-24-2022 19:40:33,32.9363,-96.742,201,thunderstorm with rain,11d,66.67,87,4828,16.11,MODERATE,"{'url': 'http://openweathermap.org/img/wn/11d@2x.png', 'width': 100, 'height': 100, 'anchorY': 100}"
173,173,173,173,04-24-2022 19:40:35,32.9363,-96.742,201,thunderstorm with rain,11d,66.67,87,4828,16.11,MODERATE,"{'url': 'http://openweathermap.org/img/wn/11d@2x.png', 'width': 100, 'height': 100, 'anchorY': 100}"
174,174,174,174,04-24-2022 19:40:36,32.9397,-96.764,201,thunderstorm with rain,11d,66.56,87,4828,16.11,MODERATE,"{'url': 'http://openweathermap.org/img/wn/11d@2x.png', 'width': 100, 'height': 100, 'anchorY': 100}"
175,175,175,175,04-24-2022 19:40:37,32.9363,-96.742,201,thunderstorm with rain,11d,66.67,87,4828,16.11,MODERATE,"{'url': 'http://openweathermap.org/img/wn/11d@2x.png', 'width': 100, 'height': 100, 'anchorY': 100}"
176,176,176,176,04-24-2022 19:40:38,32.935,-96.715,201,thunderstorm with rain,11d,66.7,86,4828,16.11,MODERATE,"{'url': 'http://openweathermap.org/img/wn/11d@2x.png', 'width': 100, 'height': 100, 'anchorY': 100}"
177,177,177,177,04-24-2022 19:40:40,32.9351,-96.748,201,thunderstorm with rain,11d,66.65,86,4828,16.11,MODERATE,"{'url': 'http://openweathermap.org/img/wn/11d@2x.png', 'width': 100, 'height': 100, 'anchorY': 100}"
178,178,178,178,04-24-2022 19:40:41,32.9354,-96.682,201,thunderstorm with rain,11d,66.9,86,4828,16.11,MODERATE,"{'url': 'http://openweathermap.org/img/wn/11d@2x.png', 'width': 100, 'height': 100, 'anchorY': 100}"
179,179,179,179,04-24-2022 19:40:42,32.9363,-96.742,201,thunderstorm with rain,11d,66.67,87,4828,16.11,MODERATE,"{'url': 'http://openweathermap.org/img/wn/11d@2x.png', 'width': 100, 'height': 100, 'anchorY': 100}"
180,180,180,180,04-24-2022 19:40:43,32.9351,-96.748,201,thunderstorm with rain,11d,66.65,86,4828,16.11,MODERATE,"{'url': 'http://openweathermap.org/img/wn/11d@2x.png', 'width': 100, 'height': 100, 'anchorY': 100}"
181,181,181,181,04-24-2022 19:40:45,32.9351,-96.748,201,thunderstorm with rain,11d,66.65,86,4828,16.11,MODERATE,"{'url': 'http://openweathermap.org/img/wn/11d@2x.png', 'width': 100, 'height': 100, 'anchorY': 100}"
182,182,182,182,04-24-2022 19:40:46,32.9363,-96.742,201,thunderstorm with rain,11d,66.67,87,4828,16.11,MODERATE,"{'url': 'http://openweathermap.org/img/wn/11d@2x.png', 'width': 100, 'height': 100, 'anchorY': 100}"
183,183,183,183,04-24-2022 19:40:47,32.9351,-96.748,201,thunderstorm with rain,11d,66.65,86,4828,16.11,MODERATE,"{'url': 'http://openweathermap.org/img/wn/11d@2x.png', 'width': 100, 'height': 100, 'anchorY': 100}"
184,184,184,184,04-24-2022 19:40:48,32.9363,-96.742,201,thunderstorm with rain,11d,66.67,87,4828,16.11,MODERATE,"{'url': 'http://openweathermap.org/img/wn/11d@2x.png', 'width': 100, 'height': 100, 'anchorY': 100}"
185,185,185,185,04-24-2022 19:40:49,32.9363,-96.742,201,thunderstorm with rain,11d,66.67,87,4828,16.11,MODERATE,"{'url': 'http://openweathermap.org/img/wn/11d@2x.png', 'width': 100, 'height': 100, 'anchorY': 100}"
186,186,186,186,04-24-2022 19:40:51,32.9363,-96.742,201,thunderstorm with rain,11d,66.67,87,4828,16.11,MODERATE,"{'url': 'http://openweathermap.org/img/wn/11d@2x.png', 'width': 100, 'height': 100, 'anchorY': 100}"
187,187,187,187,04-24-2022 19:40:52,32.9351,-96.748,201,thunderstorm with rain,11d,66.65,86,4828,16.11,MODERATE,"{'url': 'http://openweathermap.org/img/wn/11d@2x.png', 'width': 100, 'height': 100, 'anchorY': 100}"
188,188,188,188,04-24-2022 19:40:53,32.9351,-96.748,201,thunderstorm with rain,11d,66.65,86,4828,16.11,MODERATE,"{'url': 'http://openweathermap.org/img/wn/11d@2x.png', 'width': 100, 'height': 100, 'anchorY': 100}"
189,189,189,189,04-24-2022 19:40:54,32.9363,-96.742,201,thunderstorm with rain,11d,66.67,87,4828,16.11,MODERATE,"{'url': 'http://openweathermap.org/img/wn/11d@2x.png', 'width': 100, 'height': 100, 'anchorY': 100}"
190,190,190,190,04-24-2022 19:40:56,32.9363,-96.742,201,thunderstorm with rain,11d,66.67,87,4828,16.11,MODERATE,"{'url': 'http://openweathermap.org/img/wn/11d@2x.png', 'width': 100, 'height': 100, 'anchorY': 100}"
191,191,191,191,04-24-2022 19:40:57,32.9363,-96.742,201,thunderstorm with rain,11d,66.67,87,4828,16.11,MODERATE,"{'url': 'http://openweathermap.org/img/wn/11d@2x.png', 'width': 100, 'height': 100, 'anchorY': 100}"
192,192,192,192,04-24-2022 19:40:58,32.9363,-96.742,201,thunderstorm with rain,11d,66.67,87,4828,16.11,MODERATE,"{'url': 'http://openweathermap.org/img/wn/11d@2x.png', 'width': 100, 'height': 100, 'anchorY': 100}"
193,193,193,193,04-24-2022 19:40:59,32.9363,-96.742,201,thunderstorm with rain,11d,66.67,87,4828,16.11,MODERATE,"{'url': 'http://openweathermap.org/img/wn/11d@2x.png', 'width': 100, 'height': 100, 'anchorY': 100}"
194,194,194,194,04-24-2022 19:41:00,32.9363,-96.742,201,thunderstorm with rain,11d,66.67,87,4828,16.11,MODERATE,"{'url': 'http://openweathermap.org/img/wn/11d@2x.png', 'width': 100, 'height': 100, 'anchorY': 100}"
195,195,195,195,04-24-2022 19:41:02,32.9381,-96.733,201,thunderstorm with rain,11d,66.7,87,4828,16.11,MODERATE,"{'url': 'http://openweathermap.org/img/wn/11d@2x.png', 'width': 100, 'height': 100, 'anchorY': 100}"
196,196,196,196,04-24-2022 19:41:03,32.9351,-96.748,201,thunderstorm with rain,11d,66.65,86,4828,16.11,MODERATE,"{'url': 'http://openweathermap.org/img/wn/11d@2x.png', 'width': 100, 'height': 100, 'anchorY': 100}"
197,197,197,197,04-24-2022 19:41:04,32.9363,-96.742,201,thunderstorm with rain,11d,66.67,87,4828,16.11,MODERATE,"{'url': 'http://openweathermap.org/img/wn/11d@2x.png', 'width': 100, 'height': 100, 'anchorY': 100}"
198,198,198,198,04-24-2022 19:41:07,32.945,-96.761,201,thunderstorm with rain,11d,66.36,87,4828,16.11,MODERATE,"{'url': 'http://openweathermap.org/img/wn/11d@2x.png', 'width': 100, 'height': 100, 'anchorY': 100}"
199,199,199,199,04-24-2022 19:41:08,32.9451,-96.739,501,moderate rain,10d,66.4,87,4828,16.11,MODERATE,"{'url': 'http://openweathermap.org/img/wn/10d@2x.png', 'width': 100, 'height': 100, 'anchorY': 100}"
200,200,200,200,04-24-2022 19:41:09,32.9451,-96.739,501,moderate rain,10d,66.4,87,4828,16.11,MODERATE,"{'url': 'http://openweathermap.org/img/wn/10d@2x.png', 'width': 100, 'height': 100, 'anchorY': 100}"
201,201,201,201,04-24-2022 19:41:11,32.9453,-96.725,501,moderate rain,10d,66.42,87,4828,16.11,MODERATE,"{'url': 'http://openweathermap.org/img/wn/10d@2x.png', 'width': 100, 'height': 100, 'anchorY': 100}"
202,202,202,202,04-24-2022 19:41:14,32.9451,-96.739,501,moderate rain,10d,66.4,87,4828,16.11,MODERATE,"{'url': 'http://openweathermap.org/img/wn/10d@2x.png', 'width': 100, 'height': 100, 'anchorY': 100}"
203,203,203,203,04-24-2022 19:41:15,32.9451,-96.739,501,moderate rain,10d,66.4,87,4828,16.11,MODERATE,"{'url': 'http://openweathermap.org/img/wn/10d@2x.png', 'width': 100, 'height': 100, 'anchorY': 100}"
204,204,204,204,04-24-2022 19:41:17,32.9451,-96.739,501,moderate rain,10d,66.4,87,4828,16.11,MODERATE,"{'url': 'http://openweathermap.org/img/wn/10d@2x.png', 'width': 100, 'height': 100, 'anchorY': 100}"
205,205,205,205,04-24-2022 19:41:20,32.9451,-96.739,501,moderate rain,10d,66.4,87,4828,16.11,MODERATE,"{'url': 'http://openweathermap.org/img/wn/10d@2x.png', 'width': 100, 'height': 100, 'anchorY': 100}"
206,206,206,206,04-24-2022 19:41:21,32.9451,-96.739,501,moderate rain,10d,66.4,87,4828,16.11,MODERATE,"{'url': 'http://openweathermap.org/img/wn/10d@2x.png', 'width': 100, 'height': 100, 'anchorY': 100}"
207,207,207,207,04-24-2022 19:41:22,32.9451,-96.739,501,moderate rain,10d,66.4,87,4828,16.11,MODERATE,"{'url': 'http://openweathermap.org/img/wn/10d@2x.png', 'width': 100, 'height': 100, 'anchorY': 100}"
208,208,208,208,04-24-2022 19:41:24,32.9451,-96.739,501,moderate rain,10d,66.4,87,4828,16.11,MODERATE,"{'url': 'http://openweathermap.org/img/wn/10d@2x.png', 'width': 100, 'height': 100, 'anchorY': 100}"
209,209,209,209,04-24-2022 19:41:25,32.9451,-96.739,501,moderate rain,10d,66.4,87,4828,16.11,MODERATE,"{'url': 'http://openweathermap.org/img/wn/10d@2x.png', 'width': 100, 'height': 100, 'anchorY': 100}"
210,210,210,210,04-24-2022 19:41:27,32.9451,-96.739,501,moderate rain,10d,66.4,87,4828,16.11,MODERATE,"{'url': 'http://openweathermap.org/img/wn/10d@2x.png', 'width': 100, 'height': 100, 'anchorY': 100}"
211,211,211,211,04-24-2022 19:41:29,32.9467,-96.695,201,thunderstorm with rain,11d,66.54,87,4828,16.11,MODERATE,"{'url': 'http://openweathermap.org/img/wn/11d@2x.png', 'width': 100, 'height': 100, 'anchorY': 100}"
212,212,212,212,04-24-2022 19:41:30,32.9451,-96.739,501,moderate rain,10d,66.4,87,4828,16.11,MODERATE,"{'url': 'http://openweathermap.org/img/wn/10d@2x.png', 'width': 100, 'height': 100, 'anchorY': 100}"
213,213,213,213,04-24-2022 19:41:31,32.9453,-96.725,501,moderate rain,10d,66.42,87,4828,16.11,MODERATE,"{'url': 'http://openweathermap.org/img/wn/10d@2x.png', 'width': 100, 'height': 100, 'anchorY': 100}"
214,214,214,214,04-24-2022 19:41:33,32.9451,-96.739,501,moderate rain,10d,66.4,87,4828,16.11,MODERATE,"{'url': 'http://openweathermap.org/img/wn/10d@2x.png', 'width': 100, 'height': 100, 'anchorY': 100}"
215,215,215,215,04-24-2022 19:41:34,32.9451,-96.739,501,moderate rain,10d,66.4,87,4828,16.11,MODERATE,"{'url': 'http://openweathermap.org/img/wn/10d@2x.png', 'width': 100, 'height': 100, 'anchorY': 100}"
216,216,216,216,04-24-2022 19:41:35,32.9451,-96.739,501,moderate rain,10d,66.4,87,4828,16.11,MODERATE,"{'url': 'http://openweathermap.org/img/wn/10d@2x.png', 'width': 100, 'height': 100, 'anchorY': 100}"
217,217,217,217,04-24-2022 19:41:36,32.9451,-96.739,501,moderate rain,10d,66.4,87,4828,16.11,MODERATE,"{'url': 'http://openweathermap.org/img/wn/10d@2x.png', 'width': 100, 'height': 100, 'anchorY': 100}"
218,218,218,218,04-24-2022 19:41:37,32.9451,-96.739,501,moderate rain,10d,66.4,87,4828,16.11,MODERATE,"{'url': 'http://openweathermap.org/img/wn/10d@2x.png', 'width': 100, 'height': 100, 'anchorY': 100}"
219,219,219,219,04-24-2022 19:41:39,32.9451,-96.739,501,moderate rain,10d,66.4,87,4828,16.11,MODERATE,"{'url': 'http://openweathermap.org/img/wn/10d@2x.png', 'width': 100, 'height': 100, 'anchorY': 100}"
220,220,220,220,04-24-2022 19:41:40,32.9451,-96.739,501,moderate rain,10d,66.4,87,4828,16.11,MODERATE,"{'url': 'http://openweathermap.org/img/wn/10d@2x.png', 'width': 100, 'height': 100, 'anchorY': 100}"
221,221,221,221,04-24-2022 19:41:41,32.9451,-96.739,501,moderate rain,10d,66.4,87,4828,16.11,MODERATE,"{'url': 'http://openweathermap.org/img/wn/10d@2x.png', 'width': 100, 'height': 100, 'anchorY': 100}"
222,222,222,222,04-24-2022 19:41:42,32.9451,-96.739,501,moderate rain,10d,66.4,87,4828,16.11,MODERATE,"{'url': 'http://openweathermap.org/img/wn/10d@2x.png', 'width': 100, 'height': 100, 'anchorY': 100}"
223,223,223,223,04-24-2022 19:41:44,32.945,-96.761,201,thunderstorm with rain,11d,66.36,87,4828,16.11,MODERATE,"{'url': 'http://openweathermap.org/img/wn/11d@2x.png', 'width': 100, 'height': 100, 'anchorY': 100}"
224,224,224,224,04-24-2022 19:41:45,32.9451,-96.739,501,moderate rain,10d,66.4,87,4828,16.11,MODERATE,"{'url': 'http://openweathermap.org/img/wn/10d@2x.png', 'width': 100, 'height': 100, 'anchorY': 100}"
225,225,225,225,04-24-2022 19:41:46,32.9451,-96.739,501,moderate rain,10d,66.4,87,4828,16.11,MODERATE,"{'url': 'http://openweathermap.org/img/wn/10d@2x.png', 'width': 100, 'height': 100, 'anchorY': 100}"
226,226,226,226,04-24-2022 19:41:47,32.9451,-96.739,501,moderate rain,10d,66.4,87,4828,16.11,MODERATE,"{'url': 'http://openweathermap.org/img/wn/10d@2x.png', 'width': 100, 'height': 100, 'anchorY': 100}"
227,227,227,227,04-24-2022 19:41:49,32.9453,-96.725,501,moderate rain,10d,66.42,87,4828,16.11,MODERATE,"{'url': 'http://openweathermap.org/img/wn/10d@2x.png', 'width': 100, 'height': 100, 'anchorY': 100}"
228,228,228,228,04-24-2022 19:41:50,32.9484,-96.707,201,thunderstorm with rain,11d,66.43,87,4828,16.11,MODERATE,"{'url': 'http://openweathermap.org/img/wn/11d@2x.png', 'width': 100, 'height': 100, 'anchorY': 100}"
229,229,229,229,04-24-2022 19:41:51,32.945,-96.761,201,thunderstorm with rain,11d,66.36,87,4828,16.11,MODERATE,"{'url': 'http://openweathermap.org/img/wn/11d@2x.png', 'width': 100, 'height': 100, 'anchorY': 100}"
230,230,230,230,04-24-2022 19:41:52,32.945,-96.761,201,thunderstorm with rain,11d,66.36,87,4828,16.11,MODERATE,"{'url': 'http://openweathermap.org/img/wn/11d@2x.png', 'width': 100, 'height': 100, 'anchorY': 100}"
231,231,231,231,04-24-2022 19:41:56,32.945,-96.761,201,thunderstorm with rain,11d,66.36,87,4828,16.11,MODERATE,"{'url': 'http://openweathermap.org/img/wn/11d@2x.png', 'width': 100, 'height': 100, 'anchorY': 100}"
232,232,232,232,04-24-2022 19:41:57,32.945,-96.761,201,thunderstorm with rain,11d,66.36,87,4828,16.11,MODERATE,"{'url': 'http://openweathermap.org/img/wn/11d@2x.png', 'width': 100, 'height': 100, 'anchorY': 100}"
233,233,233,233,04-24-2022 19:41:59,32.945,-96.761,201,thunderstorm with rain,11d,66.36,87,4828,16.11,MODERATE,"{'url': 'http://openweathermap.org/img/wn/11d@2x.png', 'width': 100, 'height': 100, 'anchorY': 100}"
234,234,234,234,04-24-2022 19:42:01,32.9451,-96.739,501,moderate rain,10d,66.4,87,4828,16.11,MODERATE,"{'url': 'http://openweathermap.org/img/wn/10d@2x.png', 'width': 100, 'height': 100, 'anchorY': 100}"
235,235,235,235,04-24-2022 19:42:02,32.945,-96.761,201,thunderstorm with rain,11d,66.36,87,4828,16.11,MODERATE,"{'url': 'http://openweathermap.org/img/wn/11d@2x.png', 'width': 100, 'height': 100, 'anchorY': 100}"
236,236,236,236,04-24-2022 19:42:03,32.945,-96.761,201,thunderstorm with rain,11d,66.36,87,4828,16.11,MODERATE,"{'url': 'http://openweathermap.org/img/wn/11d@2x.png', 'width': 100, 'height': 100, 'anchorY': 100}"
237,237,237,237,04-24-2022 19:42:05,32.945,-96.761,201,thunderstorm with rain,11d,66.36,87,4828,16.11,MODERATE,"{'url': 'http://openweathermap.org/img/wn/11d@2x.png', 'width': 100, 'height': 100, 'anchorY': 100}"
238,238,238,238,04-24-2022 19:42:08,32.9467,-96.695,201,thunderstorm with rain,11d,66.54,87,4828,16.11,MODERATE,"{'url': 'http://openweathermap.org/img/wn/11d@2x.png', 'width': 100, 'height': 100, 'anchorY': 100}"
239,239,239,239,04-24-2022 19:42:10,32.9467,-96.695,201,thunderstorm with rain,11d,66.54,87,4828,16.11,MODERATE,"{'url': 'http://openweathermap.org/img/wn/11d@2x.png', 'width': 100, 'height': 100, 'anchorY': 100}"
240,240,240,240,04-24-2022 19:42:11,32.945,-96.761,201,thunderstorm with rain,11d,66.36,87,4828,16.11,MODERATE,"{'url': 'http://openweathermap.org/img/wn/11d@2x.png', 'width': 100, 'height': 100, 'anchorY': 100}"
241,241,241,241,04-24-2022 19:42:14,32.95,-96.682,201,thunderstorm with rain,11d,66.6,87,4828,16.11,MODERATE,"{'url': 'http://openweathermap.org/img/wn/11d@2x.png', 'width': 100, 'height': 100, 'anchorY': 100}"
242,242,242,242,04-24-2022 19:42:28,32.945,-96.761,201,thunderstorm with rain,11d,66.36,87,4828,16.11,MODERATE,"{'url': 'http://openweathermap.org/img/wn/11d@2x.png', 'width': 100, 'height': 100, 'anchorY': 100}"
243,243,243,243,04-24-2022 19:42:36,32.9467,-96.695,201,thunderstorm with rain,11d,66.54,87,4828,16.11,MODERATE,"{'url': 'http://openweathermap.org/img/wn/11d@2x.png', 'width': 100, 'height': 100, 'anchorY': 100}"
244,244,244,244,04-24-2022 19:42:37,32.9451,-96.739,501,moderate rain,10d,66.4,87,4828,16.11,MODERATE,"{'url': 'http://openweathermap.org/img/wn/10d@2x.png', 'width': 100, 'height': 100, 'anchorY': 100}"
245,245,245,245,04-24-2022 19:42:41,32.9484,-96.707,201,thunderstorm with rain,11d,66.43,87,4828,16.11,MODERATE,"{'url': 'http://openweathermap.org/img/wn/11d@2x.png', 'width': 100, 'height': 100, 'anchorY': 100}"
246,246,246,246,04-24-2022 19:42:48,32.9484,-96.707,201,thunderstorm with rain,11d,66.43,87,4828,16.11,MODERATE,"{'url': 'http://openweathermap.org/img/wn/11d@2x.png', 'width': 100, 'height': 100, 'anchorY': 100}"
247,247,247,247,04-24-2022 19:42:50,32.9529,-96.765,201,thunderstorm with rain,11d,66.11,88,4828,16.11,MODERATE,"{'url': 'http://openweathermap.org/img/wn/11d@2x.png', 'width': 100, 'height': 100, 'anchorY': 100}"
248,248,248,248,04-24-2022 19:42:51,32.9467,-96.695,201,thunderstorm with rain,11d,66.54,87,4828,16.11,MODERATE,"{'url': 'http://openweathermap.org/img/wn/11d@2x.png', 'width': 100, 'height': 100, 'anchorY': 100}"
249,249,249,249,04-24-2022 19:42:53,32.9467,-96.695,201,thunderstorm with rain,11d,66.54,87,4828,16.11,MODERATE,"{'url': 'http://openweathermap.org/img/wn/11d@2x.png', 'width': 100, 'height': 100, 'anchorY': 100}"
250,250,250,250,04-24-2022 19:42:54,32.9467,-96.695,201,thunderstorm with rain,11d,66.54,87,4828,16.11,MODERATE,"{'url': 'http://openweathermap.org/img/wn/11d@2x.png', 'width': 100, 'height': 100, 'anchorY': 100}"
251,251,251,251,04-24-2022 19:43:02,32.9529,-96.765,201,thunderstorm with rain,11d,66.11,88,4828,16.11,MODERATE,"{'url': 'http://openweathermap.org/img/wn/11d@2x.png', 'width': 100, 'height': 100, 'anchorY': 100}"
252,252,252,252,04-24-2022 19:43:03,32.9451,-96.739,501,moderate rain,10d,66.4,87,4828,16.11,MODERATE,"{'url': 'http://openweathermap.org/img/wn/10d@2x.png', 'width': 100, 'height': 100, 'anchorY': 100}"
253,253,253,253,04-24-2022 19:43:04,32.9451,-96.739,501,moderate rain,10d,66.4,87,4828,16.11,MODERATE,"{'url': 'http://openweathermap.org/img/wn/10d@2x.png', 'width': 100, 'height': 100, 'anchorY': 100}"
254,254,254,254,04-24-2022 19:43:05,32.9451,-96.739,501,moderate rain,10d,66.4,87,4828,16.11,MODERATE,"{'url': 'http://openweathermap.org/img/wn/10d@2x.png', 'width': 100, 'height': 100, 'anchorY': 100}"
255,255,255,255,04-24-2022 19:43:07,32.9451,-96.739,501,moderate rain,10d,66.4,87,4828,16.11,MODERATE,"{'url': 'http://openweathermap.org/img/wn/10d@2x.png', 'width': 100, 'height': 100, 'anchorY': 100}"
256,256,256,256,04-24-2022 19:43:15,32.9467,-96.695,201,thunderstorm with rain,11d,66.54,87,4828,16.11,MODERATE,"{'url': 'http://openweathermap.org/img/wn/11d@2x.png', 'width': 100, 'height': 100, 'anchorY': 100}"
257,257,257,257,04-24-2022 19:43:17,32.9551,-96.682,201,thunderstorm with rain,11d,66.56,87,4828,16.11,MODERATE,"{'url': 'http://openweathermap.org/img/wn/11d@2x.png', 'width': 100, 'height': 100, 'anchorY': 100}"
258,258,258,258,04-24-2022 19:43:18,32.9552,-96.732,201,thunderstorm with rain,11d,66.31,87,4828,16.11,MODERATE,"{'url': 'http://openweathermap.org/img/wn/11d@2x.png', 'width': 100, 'height': 100, 'anchorY': 100}"
259,259,259,259,04-24-2022 19:43:19,32.9552,-96.732,201,thunderstorm with rain,11d,66.31,87,4828,16.11,MODERATE,"{'url': 'http://openweathermap.org/img/wn/11d@2x.png', 'width': 100, 'height': 100, 'anchorY': 100}"
260,260,260,260,04-24-2022 19:43:23,32.9556,-96.691,201,thunderstorm with rain,11d,66.56,87,4828,16.11,MODERATE,"{'url': 'http://openweathermap.org/img/wn/11d@2x.png', 'width': 100, 'height': 100, 'anchorY': 100}"
261,261,261,261,04-24-2022 19:43:24,32.9552,-96.732,201,thunderstorm with rain,11d,66.31,87,4828,16.11,MODERATE,"{'url': 'http://openweathermap.org/img/wn/11d@2x.png', 'width': 100, 'height': 100, 'anchorY': 100}"
262,262,262,262,04-24-2022 19:43:26,32.9552,-96.732,201,thunderstorm with rain,11d,66.31,87,4828,16.11,MODERATE,"{'url': 'http://openweathermap.org/img/wn/11d@2x.png', 'width': 100, 'height': 100, 'anchorY': 100}"
263,263,263,263,04-24-2022 19:43:27,32.9559,-96.752,201,thunderstorm with rain,11d,66.24,87,4828,16.11,MODERATE,"{'url': 'http://openweathermap.org/img/wn/11d@2x.png', 'width': 100, 'height': 100, 'anchorY': 100}"
264,264,264,264,04-24-2022 19:43:28,32.9559,-96.752,201,thunderstorm with rain,11d,66.24,87,4828,16.11,MODERATE,"{'url': 'http://openweathermap.org/img/wn/11d@2x.png', 'width': 100, 'height': 100, 'anchorY': 100}"
265,265,265,265,04-24-2022 19:43:30,32.9559,-96.752,201,thunderstorm with rain,11d,66.24,87,4828,16.11,MODERATE,"{'url': 'http://openweathermap.org/img/wn/11d@2x.png', 'width': 100, 'height': 100, 'anchorY': 100}"
266,266,266,266,04-24-2022 19:43:31,32.9552,-96.732,201,thunderstorm with rain,11d,66.31,87,4828,16.11,MODERATE,"{'url': 'http://openweathermap.org/img/wn/11d@2x.png', 'width': 100, 'height': 100, 'anchorY': 100}"
267,267,267,267,04-24-2022 19:43:32,32.9559,-96.752,201,thunderstorm with rain,11d,66.24,87,4828,16.11,MODERATE,"{'url': 'http://openweathermap.org/img/wn/11d@2x.png', 'width': 100, 'height': 100, 'anchorY': 100}"
268,268,268,268,04-24-2022 19:43:33,32.9559,-96.752,201,thunderstorm with rain,11d,66.24,87,4828,16.11,MODERATE,"{'url': 'http://openweathermap.org/img/wn/11d@2x.png', 'width': 100, 'height': 100, 'anchorY': 100}"
269,269,269,269,04-24-2022 19:43:34,32.9552,-96.732,201,thunderstorm with rain,11d,66.31,87,4828,16.11,MODERATE,"{'url': 'http://openweathermap.org/img/wn/11d@2x.png', 'width': 100, 'height': 100, 'anchorY': 100}"
270,270,270,270,04-24-2022 19:43:36,32.9566,-96.765,201,thunderstorm with rain,11d,66.06,88,4828,16.11,MODERATE,"{'url': 'http://openweathermap.org/img/wn/11d@2x.png', 'width': 100, 'height': 100, 'anchorY': 100}"
271,271,271,271,04-24-2022 19:43:37,32.9552,-96.732,201,thunderstorm with rain,11d,66.31,87,4828,16.11,MODERATE,"{'url': 'http://openweathermap.org/img/wn/11d@2x.png', 'width': 100, 'height': 100, 'anchorY': 100}"
272,272,272,272,04-24-2022 19:43:38,32.9552,-96.732,201,thunderstorm with rain,11d,66.31,87,4828,16.11,MODERATE,"{'url': 'http://openweathermap.org/img/wn/11d@2x.png', 'width': 100, 'height': 100, 'anchorY': 100}"
273,273,273,273,04-24-2022 19:43:39,32.9559,-96.752,201,thunderstorm with rain,11d,66.24,87,4828,16.11,MODERATE,"{'url': 'http://openweathermap.org/img/wn/11d@2x.png', 'width': 100, 'height': 100, 'anchorY': 100}"
274,274,274,274,04-24-2022 19:43:41,32.9552,-96.732,201,thunderstorm with rain,11d,66.31,87,4828,16.11,MODERATE,"{'url': 'http://openweathermap.org/img/wn/11d@2x.png', 'width': 100, 'height': 100, 'anchorY': 100}"
275,275,275,275,04-24-2022 19:43:42,32.9566,-96.765,201,thunderstorm with rain,11d,66.06,88,4828,16.11,MODERATE,"{'url': 'http://openweathermap.org/img/wn/11d@2x.png', 'width': 100, 'height': 100, 'anchorY': 100}"
276,276,276,276,04-24-2022 19:43:43,32.9559,-96.752,201,thunderstorm with rain,11d,66.24,87,4828,16.11,MODERATE,"{'url': 'http://openweathermap.org/img/wn/11d@2x.png', 'width': 100, 'height': 100, 'anchorY': 100}"
277,277,277,277,04-24-2022 19:43:44,32.9552,-96.732,201,thunderstorm with rain,11d,66.31,87,4828,16.11,MODERATE,"{'url': 'http://openweathermap.org/img/wn/11d@2x.png', 'width': 100, 'height': 100, 'anchorY': 100}"
278,278,278,278,04-24-2022 19:43:46,32.9552,-96.732,201,thunderstorm with rain,11d,66.31,87,4828,16.11,MODERATE,"{'url': 'http://openweathermap.org/img/wn/11d@2x.png', 'width': 100, 'height': 100, 'anchorY': 100}"
279,279,279,279,04-24-2022 19:43:47,32.9559,-96.752,201,thunderstorm with rain,11d,66.24,87,4828,16.11,MODERATE,"{'url': 'http://openweathermap.org/img/wn/11d@2x.png', 'width': 100, 'height': 100, 'anchorY': 100}"
280,280,280,280,04-24-2022 19:43:48,32.9576,-96.709,201,thunderstorm with rain,11d,66.34,87,4828,16.11,MODERATE,"{'url': 'http://openweathermap.org/img/wn/11d@2x.png', 'width': 100, 'height': 100, 'anchorY': 100}"
281,281,281,281,04-24-2022 19:43:49,32.9552,-96.732,201,thunderstorm with rain,11d,66.31,87,4828,16.11,MODERATE,"{'url': 'http://openweathermap.org/img/wn/11d@2x.png', 'width': 100, 'height': 100, 'anchorY': 100}"
282,282,282,282,04-24-2022 19:43:51,32.9566,-96.765,201,thunderstorm with rain,11d,66.06,88,4828,16.11,MODERATE,"{'url': 'http://openweathermap.org/img/wn/11d@2x.png', 'width': 100, 'height': 100, 'anchorY': 100}"
283,283,283,283,04-24-2022 19:43:52,32.9552,-96.732,201,thunderstorm with rain,11d,66.31,87,4828,16.11,MODERATE,"{'url': 'http://openweathermap.org/img/wn/11d@2x.png', 'width': 100, 'height': 100, 'anchorY': 100}"
284,284,284,284,04-24-2022 19:43:53,32.9552,-96.732,201,thunderstorm with rain,11d,66.31,87,4828,16.11,MODERATE,"{'url': 'http://openweathermap.org/img/wn/11d@2x.png', 'width': 100, 'height': 100, 'anchorY': 100}"
285,285,285,285,04-24-2022 19:43:54,32.9552,-96.732,201,thunderstorm with rain,11d,66.31,87,4828,16.11,MODERATE,"{'url': 'http://openweathermap.org/img/wn/11d@2x.png', 'width': 100, 'height': 100, 'anchorY': 100}"
286,286,286,286,04-24-2022 19:43:56,32.9581,-96.696,201,thunderstorm with rain,11d,66.51,87,4828,16.11,MODERATE,"{'url': 'http://openweathermap.org/img/wn/11d@2x.png', 'width': 100, 'height': 100, 'anchorY': 100}"
287,287,287,287,04-24-2022 19:43:57,32.9566,-96.765,201,thunderstorm with rain,11d,66.06,88,4828,16.11,MODERATE,"{'url': 'http://openweathermap.org/img/wn/11d@2x.png', 'width': 100, 'height': 100, 'anchorY': 100}"
